theta0,theta1
0.00016210369404620124,0.04527976408791482
