theta0,theta1
7352.886139149554,-0.019728067329007372
