theta0,theta1
8845.446881864324,-0.025045918826917857
