theta0,theta1
7204.860769009629,-0.013046160809129924
