theta0,theta1
8349.266924704712,-0.020043901714167384
