theta0,theta1
0.0008090965324938303,0.04527975900849796
